Title,Model,score
Honda Forza 300,Forza 300,1.0
Kawasaki z800,Z800,1.0
Kawasaki z800e perfecto estado con muchos extras,Z800,1.0
Kawasaki z800e ABS,Z800,1.0
Yamaha Xmax 300 iron max,XMAX 300,1.0
Yamaha Xmax 300 año,XMAX 300,1.0
kawasaki z800 e ABS,Z800,1.0
YAMAHA XMAX 300 TECH MAX,XMAX 300,1.0
KAWASAKI Z800 PERFORMANCE (113cv),Z800,1.0
Yamaha Xmax 300,XMAX 300,1.0
Kawasaki Z800e,Z800,1.0
Yamaha XMAX 300,XMAX 300,1.0
MOTO YAMAHA XMAX 300,XMAX 300,1.0
Kawasaki z800e,Z800,1.0
KAWASAKI Z800 ABS,Z800,1.0
Kawasaki z800e,Z800,1.0
Yamaha XMAX 300,XMAX 300,1.0
Yamaha Xmax 300,XMAX 300,1.0
Yamaha xmax 300 tech max,XMAX 300,1.0
YAMAHA XMAX 300,XMAX 300,1.0
Yamaha xmax 300,XMAX 300,1.0
Yamaha Xmax 300 IRON BLACK,XMAX 300,1.0
Yamaha Xmax 300,XMAX 300,1.0
Yamaha Xmax 300,XMAX 300,1.0
Yamaha Xmax 300,XMAX 300,1.0
Ktm Duke 125,Duke 125,1.0
Yamaha Xmax 300,XMAX 300,1.0
Moto Yamaha Xmax 300 ABS,XMAX 300,1.0
YAMAHA XMAX 300 ABS,XMAX 300,1.0
Vendo ktm duke 125,Duke 125,1.0
ktm Duke 125,Duke 125,1.0
Yamaha xmax 300,XMAX 300,1.0
Yamaha Xmax 300cc,XMAX 300,1.0
YAMAHA XMAX 300,XMAX 300,1.0
Yamaha Xmax 300 Iron Max,XMAX 300,1.0
YAMAHA XMAX 300 DEL AÑO 2019 !!! IMPECABLE !!!,XMAX 300,1.0
Yamaha xmax 300,XMAX 300,1.0
Yamaha Xmax 300 del,XMAX 300,1.0
Yamaha Xmax 300 ¡¡Solo 19.000km!!,XMAX 300,1.0
Yamaha XMAX 300,XMAX 300,1.0
Yamaha xmax 300,XMAX 300,1.0
Kawasaki Z800 full,Z800,1.0
Yamaha Xmax 300 Tech max,XMAX 300,1.0
YAMAHA XMAX 300 TECH MAX,XMAX 300,1.0
Yamaha XMAX 300,XMAX 300,1.0
Kawasaki Z800-Full,Z800,1.0
Moto honda Forza 300 abs,Forza 300,1.0
Honda forza 300,Forza 300,1.0
Honda Forza 300,Forza 300,1.0
Honda Forza 300cc,Forza 300,1.0
Kawasaki Z800,Z800,1.0
Honda forza 300,Forza 300,1.0
HONDA FORZA 300 NEGRO MATE,Forza 300,1.0
Honda forza 300,Forza 300,1.0
HONDA FORZA 300 ABS,Forza 300,1.0
Kawasaki Z800,Z800,1.0
Honda Forza 300,Forza 300,1.0
HONDA FORZA 300,Forza 300,1.0
HONDA FORZA 300 ABS,Forza 300,1.0
Honda Forza 300,Forza 300,1.0
Honda Forza 300,Forza 300,1.0
Honda Forza 300 solo 14.000,Forza 300,1.0
Honda Forza 300,Forza 300,1.0
Honda Forza 300,Forza 300,1.0
Honda Forza 300 ABS,Forza 300,1.0
Honda Forza 300,Forza 300,1.0
Honda forza 300,Forza 300,1.0
Honda Forza 300 ABS,Forza 300,1.0
YAMAHA XMAX 300,XMAX 300,1.0
YAMAHA XMAX 300,XMAX 300,1.0
YAMAHA XMAX 300 TECH-MAX,XMAX 300,1.0
Yamaha XMAX 300,XMAX 300,1.0
Yamaha XMax 300,XMAX 300,1.0
Kawasaki z800,Z800,1.0
Yamaha XMAX 300 Tech Max,XMAX 300,1.0
KAWASAKI Z800e,Z800,1.0
Yamaha Xmax 300,XMAX 300,1.0
Honda Forza 300,Forza 300,1.0
Kawasaki Z800e,Z800,1.0
Kawasaki z800,Z800,1.0
Kawasaki z800 115cv,Z800,1.0
Kawasaki Z800 full 113cv,Z800,1.0
“ REBAJADA “ Honda Forza 300 .,Forza 300,1.0
Kawasaki Z800,Z800,1.0
Honda Forza 300cc,Forza 300,1.0
KTM Duke 125,Duke 125,1.0
Ktm duke 125,Duke 125,1.0
KTM DUKE 390,Duke 390,1.0
KTM Duke 390,Duke 390,1.0
KTM DUKE 390,Duke 390,1.0
KTM DUKE 790 2019 | 105cv,Duke 790,1.0
Ktm Duke 390,Duke 390,1.0
Moto KTM DUKE 790,Duke 790,1.0
KTM DUKE 390,Duke 390,1.0
KTM Duke 790,Duke 790,1.0
KTM Duke 790,Duke 790,1.0
KTM duke 390,Duke 390,1.0
KTM Duke 390,Duke 390,1.0
ktm duke 390,Duke 390,1.0
Ktm Duke 390 Redbull,Duke 390,1.0
KTM Duke 790,Duke 790,1.0
KTM DUKE 390 14.000KM,Duke 390,1.0
Ktm Duke 390,Duke 390,1.0
KTM Duke 390,Duke 390,1.0
KTM duke 390,Duke 390,1.0
moto KTM duke 390,Duke 390,1.0
KTM DUKE 890r,Duke 890R,1.0
KTM DUKE 390,Duke 390,1.0
KTM Duke 790 105cv,Duke 790,1.0
Ktm duke 125,Duke 125,1.0
KTM Duke 390,Duke 390,1.0
KTM Duke 390,Duke 390,1.0
Ktm duke 690 del,Duke 690,1.0
KTM DUKE 390,Duke 390,1.0
KTM DUKE 390,Duke 390,1.0
ktm Duke 690,Duke 690,1.0
KTM DUKE 390,Duke 390,1.0
Ktm duke 790,Duke 790,1.0
VER‼️ KTM DUKE 790,Duke 790,1.0
KTM DUKE 390,Duke 390,1.0
KTM DUKE 790,Duke 790,1.0
KTM DUKE 390,Duke 390,1.0
KTM DUKE 390,Duke 390,1.0
KTM Duke 390 ABS año,Duke 390,1.0
KTM Duke 390,Duke 390,1.0
KTM Duke 390,Duke 390,1.0
Moto ktm duke 390,Duke 390,1.0
Ktm Duke 790,Duke 790,1.0
Ktm duke 390cc,Duke 390,1.0
Ktm duke 390 itv,Duke 390,1.0
KTM DUKE 390 ABS,Duke 390,1.0
Yamaha Tmax 500,TMAX 500,1.0
Yamaha xmax 300,XMAX 300,1.0
KTM DUKE 125 2014 25.000km,Duke 125,1.0
Yamaha Tmax 530,TMAX 530,1.0
Ktm duke 125,Duke 125,1.0
Yamaha Tmax 530,TMAX 530,1.0
Yamaha Tmax 530,TMAX 530,1.0
YAMAHA TMAX 530,TMAX 530,1.0
KTM DUKE 125,Duke 125,1.0
Ktm duke 125,Duke 125,1.0
yamaha xmax 300,XMAX 300,1.0
Yamaha TMax 500,TMAX 500,1.0
YAMAHA XMAX 300 1 AÑO DE GARANTIA,XMAX 300,1.0
KTM DUKE 125,Duke 125,1.0
Ktm duke 125,Duke 125,1.0
Yamaha xmax 300,XMAX 300,1.0
KTM Duke 125,Duke 125,1.0
YAMAHA XMAX 300,XMAX 300,1.0
KTM Duke 125 cc,Duke 125,1.0
YAMAHA XMAX 300,XMAX 300,1.0
KTM DUKE 125,Duke 125,1.0
Yamaha tmax 530,TMAX 530,1.0
YAMAHA TMAX 530 BLACK MAX,TMAX 530,1.0
YAMAHA TMAX 530,TMAX 530,1.0
Yamaha tmax 500 carburación,TMAX 500,1.0
Yamaha tmax 500,TMAX 500,1.0
Yamaha tmax 530,TMAX 530,1.0
Yamaha tmax 530,TMAX 530,1.0
YAMAHA TMAX 530,TMAX 530,1.0
Yamaha TMAX 530,TMAX 530,1.0
Yamaha Tmax 530 Ocasión !!! Año,TMAX 530,1.0
YAMAHA TMAX 530,TMAX 530,1.0
YAMAHA TMAX 530,TMAX 530,1.0
Yamaha Tmax 530,TMAX 530,1.0
YAMAHA TMAX 530,TMAX 530,1.0
MOTO KTM DUKE 125 ABS,Duke 125,1.0
KTM DUKE 125 ruedas nuevas,Duke 125,1.0
Yamaha TMAX 530 2013 ABS,TMAX 530,1.0
YAMAHA TMAX 530,TMAX 530,1.0
Yamaha Tmax 530,TMAX 530,1.0
Yamaha TMax 530 ABS White,TMAX 530,1.0
Honda Forza 300,Forza 300,1.0
KTM DUKE 690,Duke 690,1.0
HONDA FORZA 300 12/2020,Forza 300,1.0
Kawasaki Z900,Z900,1.0
Honda CB500F,CB500F,1.0
Honda CB500F,CB500F,1.0
Kawasaki Z900,Z900,1.0
Honda CB500F,CB500F,1.0
Honda CB500F,CB500F,1.0
Kawasaki z900 125cv.,Z900,1.0
Honda CB500F,CB500F,1.0
Vendo kawasaki z900,Z900,1.0
Kawasaki z900,Z900,1.0
Kawasaki Z400 ABS 4700km!!,Z400,1.0
Kawasaki Z400 ACCIDENTADA,Z400,1.0
Kawasaki Z900,Z900,1.0
Kawasaki Z400 del 2019 (A2),Z400,1.0
Kawasaki z400,Z400,1.0
Kawasaki Z400,Z400,1.0
Kawasaki Z400,Z400,1.0
Se VENDE Kawasaki Z400,Z400,1.0
Kawasaki z900 full 125cv zcup,Z900,1.0
Kawasaki Z900,Z900,1.0
Kawasaki Z900 full_2018 125CV,Z900,1.0
Oportunidad Kawasaki Z900,Z900,1.0
Kawasaki z900 full,Z900,1.0
Honda Forza 300,Forza 300,1.0
Kawasaki Z900 125CV,Z900,1.0
Kawasaki z900,Z900,1.0
Kawasaki z900,Z900,1.0
Kawasaki z900 full,Z900,1.0
Honda cb500f,CB500F,1.0
kawasaki Z900,Z900,1.0
Kawasaki z900,Z900,1.0
Honda CB500F,CB500F,1.0
Kawasaki z900 full 125cv,Z900,1.0
Honda CB500F,CB500F,1.0
Kawasaki z900,Z900,1.0
kawasaki Z900,Z900,1.0
Kawasaki Z900 RS Cafe,Z900,1.0
HONDA CB500F,CB500F,1.0
Honda cb500f carnet A2,CB500F,1.0
honda cb500f,CB500F,1.0
Kawasaki ninja Z400 año,Z400,1.0
kawasaki z900,Z900,1.0
Honda CB500F,CB500F,1.0
Kawasaki z650,Z650,1.0
KAWASAKI Z650 ABS,Z650,1.0
YAMAHA MT-03,MT-03,1.0
YAMAHA MT-03,MT-03,1.0
Kawasaki z650,Z650,1.0
Kawasaki z650,Z650,1.0
Kawasaki Z650,Z650,1.0
Kawasaki Z650,Z650,1.0
Moto kawasaki z650,Z650,1.0
Kawasaki z650,Z650,1.0
Kawasaki Z400 Performance,Z400,1.0
Kawasaki Z650 ABS,Z650,1.0
Yamaha MT-07,MT-07,1.0
YAMAHA MT-07 NEGRO,MT-07,1.0
YAMAHA MT-07,MT-07,1.0
Yamaha mt-07,MT-07,1.0
YAMAHA MT-07 A,MT-07,1.0
Yamaha MT-07 ABS 2014 A2,MT-07,1.0
YAMAHA MT-07 (A),MT-07,1.0
Kawasaki Z650 ABS,Z650,1.0
YAMAHA MT-03,MT-03,1.0
Kawasaki Z650,Z650,1.0
Kawasaki Z650,Z650,1.0
Kawasaki Z400,Z400,1.0
Kawasaki z400 a2 2023,Z400,1.0
Kawasaki Z400,Z400,1.0
Kawasaki z900,Z900,1.0
Kawasaki Z900,Z900,1.0
Kawasaki z900 125cv ABS,Z900,1.0
kawasaki z1000,Z1000,1.0
Kawasaki z1000 abs 2013 special edition,Z1000,1.0
Kawasaki Z1000,Z1000,1.0
YAMAHA MT-03 ABS,MT-03,1.0
Yamaha MT-03,MT-03,1.0
Yamaha MT-03,MT-03,1.0
KAWASAKI Z1000 SX ABS,Z1000,1.0
Kawasaki z1000sx,Z1000,1.0
Kawasaki z650 abs,Z650,1.0
YAMAHA MT-03,MT-03,1.0
Yamaha MT-03,MT-03,1.0
Kawasaki Z900,Z900,1.0
Kawasaki Z900 125CV,Z900,1.0
HONDA CB500F 2015 KM,CB500F,1.0
Kawasaki z750,Z750,1.0
Moto Kawasaki z750,Z750,1.0
Honda CBR 125 R,CBR 125 R,1.0
Kawasaki z750,Z750,1.0
Kawasaki Z750 106CV Año,Z750,1.0
Kawasaki Z750,Z750,1.0
HONDA CBR 125 R,CBR 125 R,1.0
kawasaki z750,Z750,1.0
Kawasaki z750,Z750,1.0
Kawasaki z750 20.000km,Z750,1.0
Kawasaki z750,Z750,1.0
"Motocicleta, kawasaki z750",Z750,1.0
KAWASAKI Z750,Z750,1.0
Honda cbr 125 r,CBR 125 R,1.0
Kawasaki Z750 negra.,Z750,1.0
Moto kawasaki Z750,Z750,1.0
Kawasaki z750,Z750,1.0
Kawasaki z750,Z750,1.0
Kawasaki z900,Z900,1.0
Kawasaki z750 R,Z750,1.0
"Kawasaki z750, 3.500€",Z750,1.0
Kawasaki Z750,Z750,1.0
kawasaki z750,Z750,1.0
Honda Forza 300 ABS 20.000kms,Forza 300,1.0
Moto Honda Forza 300 ABS,Forza 300,1.0
Honda Forza 300 ABS Nueva!!!,Forza 300,1.0
HONDA FORZA 300,Forza 300,1.0
Honda Forza 300,Forza 300,1.0
Honda Forza 300,Forza 300,1.0
HONDA FORZA 300,Forza 300,1.0
HONDA FORZA 300,Forza 300,1.0
HONDA FORZA 300,Forza 300,1.0
Honda Forza 300,Forza 300,1.0
Kawasaki Z800e ABS,Z800,1.0
Kawasaki z800e,Z800,1.0
Kawasaki Z800 Full,Z800,1.0
Kawasaki z800 full (cup10),Z800,1.0
HONDA CBR 125 R,CBR 125 R,1.0
Kawasaki Z800,Z800,1.0
Kawasaki z750,Z750,1.0
Kawasaki Z750,Z750,1.0
Kawasaki z750,Z750,1.0
Kawasaki Z750,Z750,1.0
Kawasaki Z750 2007 gris.,Z750,1.0
Kawasaki ninja 125 (2023),Ninja 125,1.0
kawasaki z750 s,Z750,1.0
KAWASAKI NINJA 125,Ninja 125,1.0
Moto suzuki GSX-R 125 matricula Andorrana,GSX-R 125,1.0
Kawasaki z750,Z750,1.0
Kawasaki z750,Z750,1.0
Kawasaki z750,Z750,1.0
Kawasaki Z750,Z750,1.0
Honda CB500F,CB500F,1.0
Kawasaki Z750,Z750,1.0
Honda CB500F,CB500F,1.0
Cambio Kawasaki Z900,Z900,1.0
Moto Honda CB500F,CB500F,1.0
Honda Cb500f,CB500F,1.0
Kawasaki Z900 Full,Z900,1.0
HONDA CB500F,CB500F,1.0
Honda cb500f,CB500F,1.0
Honda CB500F,CB500F,1.0
Kawasaki Ninja 125,Ninja 125,1.0
Kawasaki ninja 125,Ninja 125,1.0
Kawasaki ninja 125,Ninja 125,1.0
Kawasaki z750,Z750,1.0
KAWASAKI Z750,Z750,1.0
Kawasaki Z750 08 Impecable,Z750,1.0
Kawasaki z750,Z750,1.0
Kawasaki z750,Z750,1.0
Kawasaki Z750,Z750,1.0
Kawasaki Z750,Z750,1.0
Yamaha YZF-R125,YZF-R125,1.0
Kawasaki ninja 125 del,Ninja 125,1.0
Kawasaki Z750,Z750,1.0
Kawasaki Z750,Z750,1.0
Kawasaki Z750,Z750,1.0
Kawasaki ninja 125,Ninja 125,1.0
Kawasaki Ninja 125,Ninja 125,1.0
Z1000sx 2011 en muy buen estado,Z1000,0.6000000000000001
Z900,Z900,0.6000000000000001
Vendo preciosa z750 del,Z750,0.6000000000000001
Z1000,Z1000,0.6000000000000001
Moto z750cc,Z750,0.6000000000000001
se vende kawa Z800E limitada en papeles,Z800,0.6000000000000001
Moto Mt-07,MT-07,0.6000000000000001
BMW G 310 R,G 310 R,0.6000000000000001
Tmax 530 solo 27.000km,TMAX 530,0.6000000000000001
BMW G 310 R (2022),G 310 R,0.6000000000000001
"BMW G 310 R ""A2""",G 310 R,0.6000000000000001
Forza 300,Forza 300,0.6000000000000001
BMW G 310 R,G 310 R,0.6000000000000001
BMW G 310 R,G 310 R,0.6000000000000001
BMW G 310 R,G 310 R,0.6000000000000001
Cbr 125 r 2006 LEER,CBR 125 R,0.6000000000000001
Se vende tmax 530 ABS,TMAX 530,0.6000000000000001
BMW G 310 R,G 310 R,0.6000000000000001
Cb500f,CB500F,0.6000000000000001
BMW G 310 R,G 310 R,0.6000000000000001
BMW G 310 R,G 310 R,0.6000000000000001
Bmw G 310 R,G 310 R,0.6000000000000001
Xmax 300,XMAX 300,0.6000000000000001
Homda cbr 125 r,CBR 125 R,0.6000000000000001
HONDA CB 500 F ABS,CB500F,0.5
Honda CB500 F (2017),CB500F,0.5
Honda Cb 500 f,CB500F,0.5
Moto Honda CB 500 F,CB500F,0.5
HONDA CB 500 F ABS,CB500F,0.5
KAWASAKI Z 900 ABS,Z900,0.5
Honda CB 500 F ABS,CB500F,0.5
KTM 690 DUKE,Duke 690,0.5
Honda cb 500 f,CB500F,0.5
HONDA CB 500 F ABS,CB500F,0.5
Kawasaki Z 900 Performance,Z900,0.5
HONDA CB 500 F ABS,CB500F,0.5
HONDA CB 500 F,CB500F,0.5
Moto honda cbf 500,CB500F,0.5
Honda cb 500f,CB500F,0.5
Honda CB 500F,CB500F,0.5
HONDA CB 500 F,CB500F,0.5
HONDA CB 500 F,CB500F,0.5
HONDA CB 500 F,CB500F,0.5
CAFE RACE KAWASAKI GPZ 400 de 1990 BESTIAL,Z400,0.5
KAWASAKI Z 400,Z400,0.5
Kawasaki z 900,Z900,0.5
Honda cb 500 f ABS 35.km,CB500F,0.5
HONDA CB 500 F ABS DEL AÑO 2016 !!! IMPECABLE !!!,CB500F,0.5
KAWASAKI Z 750 S,Z750,0.5
yamaha yzf-r 125,YZF-R125,0.5
Yamaha YZF 125R ABS,YZF-R125,0.5
Yamaha yzf r 125,YZF-R125,0.5
Yamaha yzf R125,YZF-R125,0.5
Kawasaki 750z del,Z750,0.5
Yamaha yzf r125,YZF-R125,0.5
Kawasaki z 750 año,Z750,0.5
Kawasaki Ninja125,Ninja 125,0.5
Suzuki Burgman 125,GSX-R 125,0.5
Moto 125 suzuki,GSX-R 125,0.5
Suzuki burgman 125 ABS,GSX-R 125,0.5
Suzuki GSXR 125,GSX-R 125,0.5
HONDA CB 500 F,CB500F,0.5
Kawasaki 750,Z750,0.5
KAWASAKI Z 750,Z750,0.5
SUZUKI GSX-S125,GSX-R 125,0.5
Kawasaki z 750,Z750,0.5
Honda CB500 F,CB500F,0.5
Honda CB 500 F,CB500F,0.5
Honda CB 500 F,CB500F,0.5
HONDA CB 500 F,CB500F,0.5
HONDA CB 500 F,CB500F,0.5
KAWASAKI Z 900,Z900,0.5
KAWASAKI Z 900 ABS,Z900,0.5
Z 400 ABS kAWASAKI,Z400,0.5
yamaha MT 03,MT-03,0.5
Yamaha MT 03,MT-03,0.5
YAMAHA MT 07,MT-07,0.5
YAMAHA MT 07,MT-07,0.5
YAMAHA MT07 ABS GRIS,MT-07,0.5
Yamaha mt 07,MT-07,0.5
Yamaha Mt07,MT-07,0.5
Yamaha mt07,MT-07,0.5
Yamaha mt07,MT-07,0.5
Yamaha MT 07,MT-07,0.5
Moto Yamaha mt 07 naked,MT-07,0.5
Yamaha Mt07,MT-07,0.5
Yamaha Mt07 A2,MT-07,0.5
YAMAHA MT 07,MT-07,0.5
Yamaha MT07,MT-07,0.5
Kawasaki 900 125 cv,Z900,0.5
YAMAHA MT 07,MT-07,0.5
Yamaha MT07 ABS,MT-07,0.5
Yamaha mt 07,MT-07,0.5
Yamaha mt07,MT-07,0.5
Yamaha MT07 A2,MT-07,0.5
Yamaha MT07,MT-07,0.5
Yamaha MT07,MT-07,0.5
Yamaha MT07 ABS,MT-07,0.5
Yamaha MT07,MT-07,0.5
Yamaha MT07 2014 EDITION BLUE,MT-07,0.5
Yamaha mt07,MT-07,0.5
Yamaha MT 07,MT-07,0.5
Yamaha MT07 2016 ABS A2,MT-07,0.5
Yamaha MT03 660,MT-03,0.5
Yamaha mt03,MT-03,0.5
Moto apta para A2 Yamaha MT03,MT-03,0.5
YAMAHA MT03 660CC,MT-03,0.5
Yamaha yzf r 125,YZF-R125,0.5
Motocicleta yamaha MT03 MT300,MT-03,0.5
Yamaha MT 03 abs,MT-03,0.5
Yamaha mt03,MT-03,0.5
Yamaha MT03 (2018),MT-03,0.5
Yamaha MT03 ABS 2018 (sin limitar),MT-03,0.5
Moto Yamaha mt03,MT-03,0.5
KAWASAKI Z 650 ABS,Z650,0.5
Yamaha mt 03,MT-03,0.5
Yamaha MT 03,MT-03,0.5
YAMAHA MT03,MT-03,0.5
Moto Mt03 Yamaha,MT-03,0.5
KAWASAKI Z 650 ABS NEGRO,Z650,0.5
Yamaha mt03,MT-03,0.5
KAWASAKI Z 650 LIMITADA,Z650,0.5
YAMAHA MT03,MT-03,0.5
YAMAHA MT 03 ABS,MT-03,0.5
YAMAHA MT03 2020 A2,MT-03,0.5
Yamaha MT 03,MT-03,0.5
Yamaha mt03,MT-03,0.5
Yamaha MT 03,MT-03,0.5
Yamaha yzf r 125,YZF-R125,0.5
Yamaha YZF R 125,YZF-R125,0.5
Yamaha yzf r125,YZF-R125,0.5
Yamaha X-MAX 300 año,XMAX 300,0.5
KTM 890 Duke R,Duke 890R,0.5
Ktm Duke 890 GP,Duke 890R,0.5
KTM Duke 890 R 1.700kms!!!,Duke 890R,0.5
KTM 890 DUKE R,Duke 890R,0.5
Urgente viaje KTM DUKE 125 2023 KM9500,Duke 950,0.5
KTM 390 DUKE ABS,Duke 390,0.5
Yamaha tmax530,TMAX 530,0.5
Moto Duke ktm 125,Duke 125,0.5
YAMAHA T-MAX 530cc DEL,TMAX 530,0.5
Yamaha T Max 530,TMAX 530,0.5
Moto KTM 125,Duke 125,0.5
YAMAHA T-MAX 530 AÑO 2014 28.000KM,TMAX 530,0.5
YAMAHA T-Max 560 ABS,TMAX 560,0.5
Yamaha x-max 300,XMAX 300,0.5
YAMAHA X-MAX 300,XMAX 300,0.5
YAMAHA X-MAX 300,XMAX 300,0.5
Yamaha XMAX300,XMAX 300,0.5
Yamaha X-Max 300,XMAX 300,0.5
Yamaha X-Max 300,XMAX 300,0.5
YAMAHA X-MAX 300,XMAX 300,0.5
Yamaha X-Max- 300 /,XMAX 300,0.5
ktm 125 duke blanca y negra,Duke 125,0.5
YAMAHA X-MAX 300,XMAX 300,0.5
YAMAHA X-MAX 300,XMAX 300,0.5
YAMAHA X-MAX 300,XMAX 300,0.5
Moto KTM DUKE 890 R,Duke 890R,0.5
KTM Duke 890 R,Duke 890R,0.5
KTM 790 Duke,Duke 790,0.5
KTM 790 DUKE,Duke 790,0.5
KTM 690 DUKE,Duke 690,0.5
KTM 690 DUKE R ABS,Duke 690,0.5
KTM 690DUKE,Duke 690,0.5
KTM 790 DUKE 2018 105cv.,Duke 790,0.5
KTM 790 DUKE ABS 105,Duke 790,0.5
KTM 390 DUKE ABS BLANCO,Duke 390,0.5
KTM 790 DUKE ABS L,Duke 790,0.5
KTM 790 DUKE,Duke 790,0.5
KTM 790 DUKE,Duke 790,0.5
KTM 790 DUKE ABS 105,Duke 790,0.5
KTM 790 DUKE ABS 105,Duke 790,0.5
KTM 790 DUKE L,Duke 790,0.5
KTM 790 DUKE ABS 105,Duke 790,0.5
KTM 790 Duke,Duke 790,0.5
KTM 790 Duke,Duke 790,0.5
KTM 790 DUKE,Duke 790,0.5
KTM 390 DUKE ABS,Duke 390,0.5
KTM 790 DUKE,Duke 790,0.5
KTM 390 DUKE,Duke 390,0.5
KTM 790 DUKE,Duke 790,0.5
KTM 790 DUKE,Duke 790,0.5
KTM 790 DUKE ABS 105,Duke 790,0.5
KTM 390 DUKE ABS,Duke 390,0.5
KTM 390 duke,Duke 390,0.5
KAWASAKI Z 800 ABS,Z800,0.5
Yamaha X-max 300,XMAX 300,0.5
Yamaha yzf r125,YZF-R125,0.5
KAWASAKI Z 800 E,Z800,0.5
Honda PS 125,CBR 125 R,0.5
Honda cbr 125r,CBR 125 R,0.5
Honda cbr r 125,CBR 125 R,0.5
Honda 125 CBR,CBR 125 R,0.5
Honda CBR125R,CBR 125 R,0.5
Honda CBR 125R,CBR 125 R,0.5
HONDA CBR 125R,CBR 125 R,0.5
KAWASAKI Z 750,Z750,0.5
Honda CBR 125r,CBR 125 R,0.5
"Honda CBF 125 Año 2014 20,000",CBR 125 R,0.5
Honda Dylan 125,CBR 125 R,0.5
Honda pcx 125,CBR 125 R,0.5
Honda CBR125R,CBR 125 R,0.5
Honda cb125r,CBR 125 R,0.5
Yamaha YZF R125,YZF-R125,0.5
yamaha yzf R125,YZF-R125,0.5
Kawasaki Z 750. 3000 e,Z750,0.5
Yamaha yzf R125,YZF-R125,0.5
Yamaha yzf 125r,YZF-R125,0.5
YAMAHA YZF R125 12/2010 Solo 16.332,YZF-R125,0.5
Yamaha YZFR125,YZF-R125,0.5
Yamaha yzf r125.,YZF-R125,0.5
Yamaha yzf R125,YZF-R125,0.5
Yamaha YZF R125,YZF-R125,0.5
KTM 390 DUKE,Duke 390,0.5
KAWASAKI Z 750,Z750,0.5
HONDA SH 125 GOLPE FRONTAL,CBR 125 R,0.5
Honda sh 125,CBR 125 R,0.5
KAWASAKI Z 800,Z800,0.5
YAMAHA XMAX TECH 300,XMAX 300,0.5
YAMAHA X-MAX 300,XMAX 300,0.5
YAMAHA X-MAX 300 TECH MAX,XMAX 300,0.5
YAMAHA X-MAX 300 TECH MAX ABS,XMAX 300,0.5
Yamaha XMAX300,XMAX 300,0.5
YAMAHA X-MAX 300,XMAX 300,0.5
YAMAHA X-MAX 300 TECH MAX,XMAX 300,0.5
YAMAHA X-MAX 300 TECH MAX,XMAX 300,0.5
KAWASAKI Z 800 E,Z800,0.5
YAMAHA X-MAX 300 TECH MAX,XMAX 300,0.5
KAWASAKI Z 800 PERFORMANCE,Z800,0.5
YAMAHA X-MAX 300,XMAX 300,0.5
Honda sh 125 con seguro,CBR 125 R,0.5
Moto Honda Forza NSS300 + ABS,Forza 300,0.5
HONDA NSS 300 FORZA,Forza 300,0.5
Honda NSS 300 ABS FORZA,Forza 300,0.5
HONDA FORZA NSS 300 ABS,Forza 300,0.5
Honda Sh 300i,Forza 300,0.5
Moto honda Forza NSS 300 18’,Forza 300,0.5
Honda PS 125cc,CBR 125 R,0.5
Moto HONDA CBR 125R,CBR 125 R,0.5
Honda PS 125cc,CBR 125 R,0.5
Honda cbr 125R,CBR 125 R,0.5
KAWASAKI Z 800,Z800,0.5
Yamaha MT 07,MT-07,0.5
