Title,Model
BMW G310R color negro,G 310 R
Moto Bmw g310r para A2,G 310 R
BMW G310r,G 310 R
BMW G 310 R,G 310 R
BMW G 310 R (2022),G 310 R
Bmw G 310 R,G 310 R
BMW G 310 R,G 310 R
BMW G 310R,G 310 R
BMW G310R,G 310 R
BMW G310 R,G 310 R
BMW G 310R,G 310 R
"BMW G 310 R ""A2""",G 310 R
BMW G 310R,G 310 R
moto,G 310 R
BMW G 310 R,G 310 R
BMW G 310 R,G 310 R
BMW G 310 R,G 310 R
BMW G310R,G 310 R
Bmw G310r,G 310 R
BMW G 310 R,G 310 R
BMW G 310 R,G 310 R
MOTO BMW,G 310 R
Yamaha Dlight Scooter 125cc,MT-03
Yamaha MT03 660,MT-03
Yamaha mt03,MT-03
Yamaha d'light 125,MT-03
Yamaha Blaster 200,MT-03
YAMAHA FZ6 S1 78CV 2007 ETIQUETA C,MT-03
yamaha fazer 600cc,MT-03
Rieju Tango 125cc,MT-03
Moto Yamaha PW50 del,MT-03
Yamaha MT 03,MT-03
Yamaha mt03,MT-03
Yamaha MT 03,MT-03
YAMAHA MT03 2020 A2,MT-03
YAMAHA MT 03 ABS,MT-03
YAMAHA MT03,MT-03
YAMAHA MT-03,MT-03
YAMAHA MT-03,MT-03
Yamaha mt03,MT-03
Moto Mt03 Yamaha,MT-03
YAMAHA MT-03,MT-03
YAMAHA MT03,MT-03
Yamaha MT 03,MT-03
Yamaha MT-03,MT-03
YAMAHA MT-03,MT-03
Yamaha mt 03,MT-03
Moto Yamaha mt03,MT-03
Yamaha MT03 ABS 2018 (sin limitar),MT-03
Yamaha MT03 (2018),MT-03
Yamaha Tracer 700,MT-03
Yamaha mt07 A2,MT-03
Yamaha MT-03,MT-03
Yamaha mt03,MT-03
Yamaha MT-03,MT-03
Ktm duke 125 ABS OFERTA,MT-03
Moto Yamaha,MT-03
YAMAHA MT-03 ABS,MT-03
Yamaha MT 03 abs,MT-03
Motocicleta yamaha MT03 MT300,MT-03
yamaha MT 03,MT-03
Yamaha xmax 250,MT-03
Yamaha Yzf 125 4t,MT-03
YAMAHA MT03 660CC,MT-03
YAMAHA X-MAX,MT-03
Moto apta para A2 Yamaha MT03,MT-03
KYMCO AGILITY 125,MT-03
Yamaha Xcenter 125,MT-03
Yamaha MT 03,MT-03
Kymco K-xct 125,MT-03
Yamaha ybr 125 año,MT-03
Yamaha YBR 125cc,MT-03
Yamaha xenter 125,MT-03
Yamaha xmax 250,MT-03
YAMAHA XMAX 250,MT-03
Kawasaki Z400,Z400
Kawasaki z400 a2 2023,Z400
Kawasaki Z400,Z400
Kawasaki Z750,Z400
Kawasaki Z900 A2,Z400
Kawasaki Z400 Performance,Z400
Z 400 ABS kAWASAKI,Z400
Kawasaki Z400 ABS 4700km!!,Z400
KAWASAKI Z 900 A2,Z400
Kawasaki ninja Z400 año,Z400
Kawasaki Z 125,Z400
KAWASAKI Z 400,Z400
kawasaki z900,Z400
Se VENDE Kawasaki Z400,Z400
Kawasaki Z400,Z400
Kawasaki Z400,Z400
Kawasaki z400,Z400
Kawasaki Z400 del 2019 (A2),Z400
Kawasaki ER6N ABS,Z400
Kawasaki kx 250f,Z400
Kawasaki kx 250f,Z400
HUSQVARNA TC 85,Z400
ROYAL ENFIELD HIMALAYAN 410,Z400
CAFE RACE KAWASAKI GPZ 400 de 1990 BESTIAL,Z400
Kawasaki J300 2018 UNICO PROPIETARIO,Z400
Scooter kawasaki J300,Z400
Oferta Benelli 302r,Z400
Kawasaki Z400 ACCIDENTADA,Z400
HONDA CB 500 F,CB500F
Cb500f,CB500F
HONDA CB 500 F,CB500F
HONDA CB 500 F,CB500F
Honda CB500F,CB500F
Honda CB 500F,CB500F
Honda CB500F,CB500F
Honda CB500F,CB500F
Honda cb 500f,CB500F
Honda CB500F,CB500F
Honda CB500F,CB500F
Moto honda cbf 500,CB500F
HONDA CB 500 F,CB500F
HONDA CB 500 F ABS,CB500F
Honda cb 500 f,CB500F
honda cb500f,CB500F
Honda cb500f carnet A2,CB500F
HONDA CB500F,CB500F
HONDA CB 500 F ABS,CB500F
HONDA CB 500 F ABS,CB500F
Moto Honda CB 500 F,CB500F
Honda CB500F,CB500F
Honda CB500 F (2017),CB500F
Honda CB500F,CB500F
Honda Cb 500 f,CB500F
Honda CB 500 F ABS,CB500F
Honda cb500f,CB500F
HONDA CB 500 F ABS,CB500F
HONDA CB 500 F ABS DEL AÑO 2016 !!! IMPECABLE !!!,CB500F
HONDA CB 500 F,CB500F
Honda cb 500 f ABS 35.km,CB500F
HONDA CB 500 F,CB500F
HONDA CB 500 F,CB500F
Honda CB500F,CB500F
HONDA CB500F 2015 KM,CB500F
Honda CB 500 F,CB500F
Honda CB500F,CB500F
Honda cb500f,CB500F
HONDA CB500F,CB500F
Honda CB 500 F,CB500F
CB500 f 2900eur,CB500F
Honda Cb500f,CB500F
Moto Honda CB500F,CB500F
SE VENDE CB 500 F,CB500F
Honda CB500 F,CB500F
Honda CB500F,CB500F
Honda CB500F,CB500F
Seat mo 125,GSX-R 125
Suzuki Burman,GSX-R 125
Suzuki GSX-8R,GSX-R 125
SUZUKI GSX R600,GSX-R 125
Suzuki gsxr 600 k6,GSX-R 125
Suzuki rmz 450,GSX-R 125
Sym Symphony Euro5 125 650km,GSX-R 125
Gsxr,GSX-R 125
KTM Duke 125 **ESTRENO**2024**Carnet B**,GSX-R 125
Suzuki GSX 600 R,GSX-R 125
SUZUKI GSX-S125,GSX-R 125
Suzuki Gsx-R 600 K5 20 aniversario,GSX-R 125
Suzuki GSXR 125,GSX-R 125
Suzuki burgman 125 ABS,GSX-R 125
Suzuki burmang,GSX-R 125
SUZUKI GSXR 600,GSX-R 125
Moto,GSX-R 125
Moto 125 suzuki,GSX-R 125
Suzuki Burgman 125,GSX-R 125
Kymco People 125,GSX-R 125
Moto suzuki GSX-R 125 matricula Andorrana,GSX-R 125
KAWASAKI NINJA 125,Ninja 125
Kawasaki Ninja125,Ninja 125
Kawasaki ninja 125 (2023),Ninja 125
KTM DUKE 125,Ninja 125
Kawasaki Ninja 125,Ninja 125
Kawasaki ninja 125,Ninja 125
Kawasaki ninja 125,Ninja 125
Kawasaki ninja 125 del,Ninja 125
Kawasaki Ninja 125,Ninja 125
Kawasaki ninja 125,Ninja 125
Yamaha yzf r125,YZF-R125
Yamaha yzf R125,YZF-R125
Yamaha yzf r 125,YZF-R125
Yamaha YZF 125R ABS,YZF-R125
Yamaha YZF-R125,YZF-R125
Moto,YZF-R125
yamaha yzf-r 125,YZF-R125
Yamaha yzf r 125,YZF-R125
Yamaha yzf r 125,YZF-R125
Yamaha yzf r125,YZF-R125
Yamaha yzf r125,YZF-R125
Yamaha YZF R 125,YZF-R125
Yamaha YZF R125,YZF-R125
Yamaha yzf R125,YZF-R125
Yamaha yzf r125.,YZF-R125
Yamaha YZFR125,YZF-R125
YAMAHA YZF R125 12/2010 Solo 16.332,YZF-R125
Yamaha yzf 125r,YZF-R125
Yamaha yzf R125,YZF-R125
yamaha yzf R125,YZF-R125
Yamaha YZF R125,YZF-R125
Honda cb125r,CBR 125 R
Honda cbr 125 r,CBR 125 R
Honda CBR125R,CBR 125 R
Honda pcx 125,CBR 125 R
Honda Dylan 125,CBR 125 R
KYMCO superdink 125,CBR 125 R
"Honda CBF 125 Año 2014 20,000",CBR 125 R
Honda mtx 125 R,CBR 125 R
Homda cbr 125 r,CBR 125 R
Honda CBR 125r,CBR 125 R
HONDA CBR 125R,CBR 125 R
honda vision 110,CBR 125 R
HONDA CBR 125 R,CBR 125 R
Honda CBR 125R,CBR 125 R
Honda CBR125R,CBR 125 R
Honda 125 CBR,CBR 125 R
Honda CBR 125 R,CBR 125 R
Honda cbr r 125,CBR 125 R
Honda cbr 125r,CBR 125 R
Honda PS 125,CBR 125 R
Cbr 1000,CBR 125 R
HONDA SH 125 GOLPE FRONTAL,CBR 125 R
Honda sh 125,CBR 125 R
Cbr 125 r 2006 LEER,CBR 125 R
Honda sh 125 con seguro,CBR 125 R
HONDA CBR 125 R,CBR 125 R
Daelim roadwing 125 fi R,CBR 125 R
URGENTE en venta,CBR 125 R
Honda cbr 125R,CBR 125 R
Honda PS 125cc,CBR 125 R
Moto HONDA CBR 125R,CBR 125 R
Honda PS 125cc,CBR 125 R
HONDA FORZA 350,Forza 300
HONDA FORZA 125 900KM‼️ULTIMO MODELO,Forza 300
Moto,Forza 300
Honda Forza 300,Forza 300
HONDA FORZA 300,Forza 300
HONDA FORZA 300,Forza 300
HONDA FORZA 125,Forza 300
HONDA FORZA 300,Forza 300
Honda Forza 300,Forza 300
Honda Forza 300,Forza 300
Moto Honda forza,Forza 300
Honda Forza,Forza 300
HONDA FORZA 300,Forza 300
Honda Forza 300 ABS Nueva!!!,Forza 300
Moto Honda Forza 300 ABS,Forza 300
Honda Forza 300 ABS 20.000kms,Forza 300
Honda Forza 300,Forza 300
HONDA FORZA 300 12/2020,Forza 300
Honda Forza 300,Forza 300
Honda Forza,Forza 300
Honda Forza 300,Forza 300
Honda Forza 300,Forza 300
Honda Forza 300,Forza 300
Honda Forza 300 solo 14.000,Forza 300
Honda Forza 300,Forza 300
Honda Forza 300,Forza 300
HONDA FORZA 300 ABS,Forza 300
HONDA FORZA 300,Forza 300
Honda Forza 300,Forza 300
HONDA FORZA 300 ABS,Forza 300
Moto,Forza 300
Moto honda Forza NSS 300 18’,Forza 300
Honda forza 300,Forza 300
HONDA FORZA 300 NEGRO MATE,Forza 300
Honda forza 300,Forza 300
Forza 300,Forza 300
Honda Forza 300cc,Forza 300
Honda Forza 300,Forza 300
Honda forza 300,Forza 300
HONDA FORZA 125,Forza 300
Honda NC 750 S 2016 Km,Forza 300
Moto Honda Forza,Forza 300
Honda forza 350 abs,Forza 300
Moto honda Forza 300 abs,Forza 300
Honda Forza 300 ABS,Forza 300
Honda Forza 300,Forza 300
Honda forza 300,Forza 300
Honda Forza 300 ABS,Forza 300
Honda Forza 300cc,Forza 300
Honda Sh 300i,Forza 300
“ REBAJADA “ Honda Forza 300 .,Forza 300
HONDA FORZA NSS 300 ABS,Forza 300
Honda NSS 300 ABS FORZA,Forza 300
HONDA NSS 300 FORZA,Forza 300
Moto Honda Forza NSS300 + ABS,Forza 300
Honda Forza 300,Forza 300
Yamaha Xmax 300,XMAX 300
YAMAHA X-MAX 300,XMAX 300
Yamaha XMAX 300 Tech Max,XMAX 300
YAMAHA X-MAX 300 TECH MAX,XMAX 300
Yamaha XMax 300,XMAX 300
Yamaha XMAX 300,XMAX 300
HONDA PCX Último Modelo 2700€‼️,XMAX 300
YAMAHA XMAX 300 TECH-MAX,XMAX 300
YAMAHA XMAX 300,XMAX 300
YAMAHA XMAX 300,XMAX 300
YAMAHA X-MAX 300 TECH MAX,XMAX 300
Yamaha XMAX 300,XMAX 300
YAMAHA XMAX 300 TECH MAX,XMAX 300
Yamaha Xmax 300 Tech max,XMAX 300
YAMAHA XMAX 300,XMAX 300
Yamaha xmax 300 tech max,XMAX 300
Yamaha Xmax 300,XMAX 300
Yamaha XMAX 300,XMAX 300
YAMAHA X-MAX 300 TECH MAX,XMAX 300
YAMAHA X-MAX 300,XMAX 300
Yamaha XMAX300,XMAX 300
MOTO YAMAHA XMAX 300,XMAX 300
Yamaha r1 2020 11.000 .,XMAX 300
Yamaha R1,XMAX 300
YAMAHA X-MAX 300 TECH MAX ABS,XMAX 300
YAMAHA X-MAX 300 TECH MAX,XMAX 300
Yamaha Xmax 300,XMAX 300
YAMAHA X-MAX 300,XMAX 300
YAMAHA XMAX 300 TECH MAX,XMAX 300
YAMAHA XMAX TECH 300,XMAX 300
Yamaha Xmax 300 año,XMAX 300
Yamaha Xmax 300 iron max,XMAX 300
Xmax 300,XMAX 300
Moto,XMAX 300
Yamaha,XMAX 300
Yamaha X-max 300,XMAX 300
Yamaha xmax 300,XMAX 300
Yamaha X-MAX 300 año,XMAX 300
Yamaha XMAX 300,XMAX 300
Yamaha Xmax 300 IRON BLACK,XMAX 300
YAMAHA XMAX 300,XMAX 300
YAMAHA X-MAX 300,XMAX 300
Yamaha xmax 300,XMAX 300
Yamaha XMAX 300,XMAX 300
Yamaha Xmax 300 ¡¡Solo 19.000km!!,XMAX 300
Yamaha Xmax 300 del,XMAX 300
Yamaha xmax 300,XMAX 300
YAMAHA XMAX 300 DEL AÑO 2019 !!! IMPECABLE !!!,XMAX 300
Yamaha Xmax 300 Iron Max,XMAX 300
Yamaha Xmax 300cc,XMAX 300
Yamaha Xmax 300,XMAX 300
Yamaha xmax 300,XMAX 300
YAMAHA X-MAX 300,XMAX 300
YAMAHA X-MAX 300,XMAX 300
YAMAHA XMAX 300 ABS,XMAX 300
Moto Yamaha Xmax 300 ABS,XMAX 300
Yamaha Xmax 300,XMAX 300
Yamaha X-Max- 300 /,XMAX 300
Yamaha Xmax 300,XMAX 300
YAMAHA X-MAX 300,XMAX 300
Kymco Superdink 350i,XMAX 300
Yamaha Xmax 300,XMAX 300
Kymco k-xct 300i,XMAX 300
Ducati Monster 797 apta A2,XMAX 300
Yamaha X-Max 300,XMAX 300
Yamaha X-Max 300,XMAX 300
YAMAHA XMAX 300,XMAX 300
Yamaha XMAX300,XMAX 300
YAMAHA XMAX 300,XMAX 300
YAMAHA X-MAX 300,XMAX 300
Yamaha xmax 300,XMAX 300
YAMAHA X-MAX 300,XMAX 300
Yamaha x-max 300,XMAX 300
YAMAHA XMAX 300 1 AÑO DE GARANTIA,XMAX 300
yamaha xmax 300,XMAX 300
Yamaha X-Max 125,XMAX 300
Yamaha xmax 300,XMAX 300
Honda SH300,XMAX 300
Honda Sh300i sport,XMAX 300
Yamaha xmax 125 iron,XMAX 300
YAMAHA X MAX 250,XMAX 300
Yamaha Xmax 250,XMAX 300
Yamaha X-max 125,XMAX 300
Yamaha xmax 250,XMAX 300
Moto Gilera nexus 300,XMAX 300
Yamaha xmax 125,XMAX 300
Yamaha xmax 125,XMAX 300
YAMAHA XMAX 125,XMAX 300
YAMAHA T-Max 560 ABS,TMAX 560
Yamaha Tmax 530 Sx,TMAX 560
Yamaha TMax 530,TMAX 560
Honda x adv 750,TMAX 560
Yamaha Tmax 530 Sx,TMAX 560
Tmax 530 sx 2017 18.000km,TMAX 560
X-ADV 750,TMAX 560
Yamaha Tmax 530 Dx,TMAX 560
Yamaha Tmax 530 Dx,TMAX 560
YAMAHA T-MAX 530 AÑO 2014 28.000KM,TMAX 530
YAMAHA TMAX 530,TMAX 530
Yamaha Tmax 530,TMAX 530
Yamaha Tmax 530,TMAX 530
Yamaha tmax,TMAX 530
Se vende tmax 530 ABS,TMAX 530
Yamaha Tmax 530,TMAX 530
Yamaha T Max 530,TMAX 530
YAMAHA T-MAX 530cc DEL,TMAX 530
Yamaha tmax 530,TMAX 530
YAMAHA TMAX 530 BLACK MAX,TMAX 530
YAMAHA TMAX 530,TMAX 530
Yamaha TMax 530 ABS White,TMAX 530
Yamaha Tmax 530,TMAX 530
YAMAHA TMAX 530,TMAX 530
Yamaha TMAX 530 2013 ABS,TMAX 530
Yamaha tmax530,TMAX 530
Tmax 530 solo 27.000km,TMAX 530
YAMAHA TMAX 530,TMAX 530
Yamaha Tmax 530,TMAX 530
YAMAHA TMAX 530,TMAX 530
YAMAHA TMAX 530,TMAX 530
Yamaha Tmax 530 Ocasión !!! Año,TMAX 530
Yamaha TMAX 530,TMAX 530
YAMAHA TMAX 530,TMAX 530
Yamaha tmax 530,TMAX 530
Yamaha tmax 530,TMAX 530
Yamaha tmax 500,TMAX 500
Yamaha tmax 500 carburación,TMAX 500
Yamaha TMax 500,TMAX 500
Yamaha Tmax 500,TMAX 500
KTM DUKE 890,Duke 950
KTM DUKE 890,Duke 950
KTM 125 DUKE,Duke 950
Ktm duke 125,Duke 950
KTM Duke 125,Duke 950
Ktm duke 125,Duke 950
Vendo ktm duke 125 del año,Duke 950
KTM Duke 125,Duke 950
KTM duke 125,Duke 950
KTM DUKE 125,Duke 950
Urgente viaje KTM DUKE 125 2023 KM9500,Duke 950
KTM Duke,Duke 950
KTM 125 DUKE,Duke 950
Ktm Duke 125,Duke 950
KTM Duke 125,Duke 950
Moto 125 Husqvarna,Duke 950
KTM Duke 125,Duke 950
KTM Duke 125,Duke 950
KTM duke 125,Duke 950
KTM duke 125,Duke 950
KTM DUKE 125,Duke 950
KTM DUKE 125,Duke 950
Honda cb125r,Duke 950
KTM duke 125,Duke 950
Honda CB125R,Duke 950
KTM Duke 125,Duke 950
Ktm duke 125,Duke 950
KTM DUKE 125,Duke 950
Ktm Duke 125,Duke 950
Ktm duke 125 2020 ABS,Duke 950
KTM 125 DUKE,Duke 950
KTM DUKE 125,Duke 950
Ktm duke 125,Duke 950
KTM Duke 125,Duke 950
KTM 125 DUKE,Duke 950
Ktm Duke 125,Duke 950
KTM Duke 125,Duke 950
KTM DUKE 125 12/2020,Duke 950
KTM DUKE 125 abs,Duke 950
KTM DUKE 125,Duke 950
KTM 1290 SUPERDUKE R 5.700kms,Duke 890R
MV Agusta Dragster RR **QUICKSHIFT**REESTRENO**,Duke 890R
KTM 890 DUKE R,Duke 890R
KTM DUKE 890r,Duke 890R
KTM Duke 890 R 1.700kms!!!,Duke 890R
Ktm Duke 890 GP,Duke 890R
Ducati Hypermotard 950 **POCOS KM**,Duke 890R
KTM 890 Duke R,Duke 890R
Moto KTM DUKE 890 R,Duke 890R
KTM Duke 890 R,Duke 890R
BMW S1000 R **AKRAPOVIC**POCOS KM**PACKS**,Duke 790
KTM Duke 790,Duke 790
KTM 790 Duke,Duke 790
KTM 790 DUKE ABS 105,Duke 790
KTM 790 DUKE ABS 105,Duke 790
KTM 790 DUKE,Duke 790
KTM Duke 790,Duke 790
KTM Duke 790,Duke 790
KTM 790 DUKE,Duke 790
Moto KTM DUKE 790,Duke 790
KTM 790 DUKE,Duke 790
KTM DUKE 790 2019 | 105cv,Duke 790
KTM 790 DUKE,Duke 790
KTM 790 Duke,Duke 790
KTM 790 Duke,Duke 790
KTM Duke 790 105cv,Duke 790
KTM DUKE 790,Duke 790
KTM 790 DUKE L,Duke 790
Ktm Duke 790,Duke 790
KTM 790 DUKE,Duke 790
KTM 790 DUKE ABS 105,Duke 790
KTM 790 DUKE ABS 105,Duke 790
KTM 790 DUKE,Duke 790
KTM 790 DUKE,Duke 790
KTM 790 DUKE ABS L,Duke 790
KTM 790 DUKE ABS 105,Duke 790
KTM 790 DUKE 2018 105cv.,Duke 790
VER‼️ KTM DUKE 790,Duke 790
Ktm duke 790,Duke 790
Duke 125 SOLO 2.600km!!!,Duke 690
KTM DUKE 125 11.000kms ITV RECIEN PASADA,Duke 690
KTM 125 DUKE,Duke 690
KTM Duke 125,Duke 690
KTM Duke 125,Duke 690
Ktm duke 125,Duke 690
ktm duke 125,Duke 690
KTM duke,Duke 690
KTM duke 125 año,Duke 690
KTM DUKE 125 ABS,Duke 690
KTM 690DUKE,Duke 690
ktm Duke 690,Duke 690
KTM 125 Duke ABS,Duke 690
KTM 125 Duke ABS,Duke 690
Ktm duke 125,Duke 690
KTM Duke 2015 ABS,Duke 690
Ktm duke 125 2015 abs FULL,Duke 690
KTM DUKE 125,Duke 690
KTM Duke 125,Duke 690
KTM DUKE 125,Duke 690
Motocicleta KTM Duke 125,Duke 690
ktm duke 125,Duke 690
KTM 690 DUKE R ABS,Duke 690
KTM 690 DUKE,Duke 690
Ktm duke 690 del,Duke 690
KTM 690 DUKE,Duke 690
KTM DUKE 690,Duke 690
KTM DUKE 390,Duke 390
KTM Duke 390,Duke 390
KTM 390 DUKE,Duke 390
KTM DUKE 390,Duke 390
KTM DUKE 390,Duke 390
KTM DUKE 390,Duke 390
KTM Duke 390,Duke 390
KTM DUKE 390,Duke 390
KTM 390 DUKE ABS BLANCO,Duke 390
KTM DUKE 390,Duke 390
KTM DUKE 390,Duke 390
KTM Duke 390 ABS año,Duke 390
KTM Duke 390,Duke 390
KTM Duke 390,Duke 390
Moto ktm duke 390,Duke 390
Ktm duke 390cc,Duke 390
ktm duke 390,Duke 390
KTM DUKE 390,Duke 390
KTM DUKE 390,Duke 390
KTM 390 DUKE ABS,Duke 390
Ktm Duke 390,Duke 390
KTM 390 DUKE,Duke 390
KTM DUKE 390,Duke 390
KTM duke 390,Duke 390
KTM Duke 390,Duke 390
KTM 390 DUKE ABS,Duke 390
Motocicleta,Duke 390
KTM 390 duke,Duke 390
KTM Duke 390,Duke 390
Ktm Duke 390 Redbull,Duke 390
Moto,Duke 390
KTM DUKE 390 14.000KM,Duke 390
Ktm Duke 390,Duke 390
KTM Duke 390,Duke 390
Destacado,Duke 390
KTM duke 390,Duke 390
moto KTM duke 390,Duke 390
Ktm duke 390 itv,Duke 390
KTM DUKE 390 ABS,Duke 390
KTM DUKE 200,Duke 390
KTM DUKE 200,Duke 390
KTM 390 DUKE ABS,Duke 390
MOTO KTM DUKE 125 ABS,Duke 125
KTM DUKE 125 ruedas nuevas,Duke 125
Moto Duke ktm 125,Duke 125
KTM DUKE 125,Duke 125
KTM DUKE 125 2014 25.000km,Duke 125
Ktm duke 125,Duke 125
Moto KTM 125,Duke 125
KTM Duke,Duke 125
KTM DUKE 125,Duke 125
Ktm duke 125,Duke 125
Yamaha Xmax 125,Duke 125
KTM DUKE 125,Duke 125
Ktm duke 125,Duke 125
KTM Duke 125,Duke 125
KTM Duke 125 cc,Duke 125
Ktm duke 125,Duke 125
Ktm duke 125,Duke 125
gas gas txt280,Duke 125
KTM Duke 125,Duke 125
Ktm Duke 125,Duke 125
ktm 125 duke blanca y negra,Duke 125
Vendo ktm duke 125,Duke 125
ktm Duke 125,Duke 125
Kawasaki Z800 full,Z800
KAWASAKI Z 800 ABS,Z800
se vende kawa Z800E limitada en papeles,Z800
Kawasaki z800e perfecto estado con muchos extras,Z800
KAWASAKI Z 800 E,Z800
Kawasaki z800e ABS,Z800
kawasaki z800 e ABS,Z800
KAWASAKI Z800 PERFORMANCE (113cv),Z800
Kawasaki z800,Z800
Kawasaki Z800e,Z800
Triumph Street triple,Z800
Kawasaki Er6n,Z800
Kawasaki z800e,Z800
KAWASAKI Z800 ABS,Z800
Kawasaki z800e,Z800
Kawasaki Z800,Z800
KAWASAKI Z 800 E,Z800
Kawasaki z800,Z800
KAWASAKI Z 800 PERFORMANCE,Z800
KAWASAKI Z 800,Z800
KAWASAKI Z800e,Z800
Kawasaki Z800e,Z800
Kawasaki z800,Z800
Kawasaki z800 115cv,Z800
Kawasaki Z800 full 113cv,Z800
Kawasaki Z800,Z800
Kawasaki Z800,Z800
Kawasaki Z800-Full,Z800
Kawasaki Z800e ABS,Z800
Kawasaki z800e,Z800
Destacado,Z800
Kawasaki Z800 Full,Z800
Kawasaki z800 full (cup10),Z800
KAWASAKI Z 800,Z800
Kawasaki Z800,Z800
Yamaha FZ8,Z800
Kawasaki z750,Z750
kawasaki z750,Z750
Kawasaki Z750,Z750
Yamaha fz 8s,Z750
Moto Kawasaki,Z750
KAWASAKI Z 750,Z750
"Kawasaki z750, 3.500€",Z750
Kawasaki z750 R,Z750
Moto Kawasaki z750,Z750
Kawasaki z750,Z750
Kawasaki Z750 106CV Año,Z750
Kawasaki Z750,Z750
kawasaki z750,Z750
Z 750,Z750
KAWASAKI Z 750,Z750
Kawasaki z750,Z750
Kawasaki z750,Z750
Kawasaki z750 20.000km,Z750
"Motocicleta, kawasaki z750",Z750
KAWASAKI Z750,Z750
Vendo preciosa z750 del,Z750
Kawasaki Z750 negra.,Z750
Moto kawasaki Z750,Z750
Kawasaki z750,Z750
Moto,Z750
Kawasaki Z 750. 3000 e,Z750
Kawasaki z750,Z750
Kawasaki z750,Z750
Kawasaki Z750,Z750
Kawasaki z750,Z750
Kawasaki Z750,Z750
"Moto, naked,motociclismo",Z750
Kawasaki Z750,Z750
KAWASAKI Z750,Z750
Moto z750cc,Z750
Kawasaki Z750 08 Impecable,Z750
Kawasaki z750,Z750
Kawasaki z750,Z750
Kawasaki Z750,Z750
Kawasaki Z750,Z750
Kawasaki Z750,Z750
Kawasaki z750,Z750
Kawasaki Z750,Z750
Kawasaki 750z del,Z750
Kawasaki Z750,Z750
Kawasaki z 750 año,Z750
kawasaki z750 s,Z750
Kawasaki z750,Z750
Kawasaki z750,Z750
Kawasaki z750,Z750
KAWASAKI Z 750 S,Z750
Kawasaki Z750,Z750
Kawasaki 750,Z750
KAWASAKI Z 750,Z750
Destacado,Z750
Kawasaki Z750 2007 gris.,Z750
Kawasaki z 750,Z750
Cambio Kawasaki Z900,Z900
Kawasaki Z900 Full,Z900
Kawasaki z900,Z900
Kawasaki Z900,Z900
Kawasaki Z900 125CV,Z900
Kawasaki Z900 125CV,Z900
KAWASAKI Z 900 ABS,Z900
Kawasaki z900,Z900
Kawasaki z900,Z900
Kawasaki z900 full,Z900
kawasaki Z900,Z900
Kawasaki z900,Z900
Kawasaki z900 full 125cv,Z900
Kawasaki z900,Z900
kawasaki Z900,Z900
KAWASAKI Z 900 ABS,Z900
Kawasaki Z900 RS Cafe,Z900
Kawasaki z900 full,Z900
Oportunidad Kawasaki Z900,Z900
Moto,Z900
Kawasaki Z 900 Performance,Z900
Kawasaki z 900,Z900
Kawasaki Z900 full_2018 125CV,Z900
Kawasaki Z900,Z900
Kawasaki Z900,Z900
Kawasaki z900 125cv.,Z900
Z900,Z900
Moto,Z900
Vendo kawasaki z900,Z900
Kawasaki Z900,Z900
Kawasaki z900,Z900
Kawasaki Z900,Z900
Kawasaki z900 full 125cv zcup,Z900
kawasaki z900,Z900
KAWASAKI Z 900,Z900
Kawasaki z900,Z900
Kawasaki 900 125 cv,Z900
Kawasaki Z900,Z900
Kawasaki z900 125cv ABS,Z900
KYMCO SUPERDINK 350 OFERTA,Z900
kawasaki z1000,Z1000
Kawasaki z1000 abs 2013 special edition,Z1000
Triumph street triple R 675,Z1000
Kawasaki Z1000,Z1000
Kawa,Z1000
Z1000sx 2011 en muy buen estado,Z1000
KAWASAKI Z1000 SX ABS,Z1000
Kawasaki z1000sx,Z1000
Z1000,Z1000
KAWASAKI Z 650 ABS,Z650
Kawasaki z650 abs,Z650
Kawasaki Z650,Z650
Kawasaki Z650,Z650
Kawasaki Z650 ABS,Z650
KAWASAKI Z 650 ABS NEGRO,Z650
KAWASAKI Z650 ABS,Z650
KAWASAKI Z 650 LIMITADA,Z650
Kawasaki z650,Z650
Kawasaki z650,Z650
Kawasaki Z650,Z650
Kawasaki Z650,Z650
Yamaha MT03,Z650
Moto kawasaki z650,Z650
Kawasaki z650,Z650
Kawasaki z650,Z650
Kawasaki Z650 ABS,Z650
Yamaha MT07 2016 ABS A2,MT-07
Yamaha MT 07,MT-07
Yamaha MT-07,MT-07
YAMAHA MT 07,MT-07
YAMAHA MT07 ABS GRIS,MT-07
YAMAHA MT-07 NEGRO,MT-07
Yamaha mt 07,MT-07
YAMAHA MT-07,MT-07
Yamaha Mt07,MT-07
Yamaha mt07,MT-07
Yamaha mt07,MT-07
Yamaha MT 07,MT-07
Honda sh 300i ABS,MT-07
Mt 125,MT-07
YAMAHA XMAX 400,MT-07
Kawassaki Z800-E limitada (A2),MT-07
Moto,MT-07
Moto Yamaha mt 07 naked,MT-07
Yamaha Mt07,MT-07
Yamaha Mt07 A2,MT-07
YAMAHA MT 07,MT-07
YAMAHA MT 07,MT-07
Yamaha MT07,MT-07
YAMAHA MT 07,MT-07
Yamaha MT07 ABS,MT-07
Yamaha mt 07,MT-07
Yamaha mt-07,MT-07
Yamaha mt07,MT-07
Yamaha MT07 A2,MT-07
YAMAHA MT-07 A,MT-07
Yamaha MT07,MT-07
Yamaha MT-07 ABS 2014 A2,MT-07
Yamaha MT07,MT-07
Yamaha MT07 ABS,MT-07
YAMAHA MT-07 (A),MT-07
Moto Mt-07,MT-07
moto,MT-07
Yamaha MT07,MT-07
Yamaha MT07 2014 EDITION BLUE,MT-07
Yamaha mt07,MT-07
Yamaha MT 07,MT-07
